Invoice Number,Invoice Date,Invoice Type,Sales Return Number,Shipment Number,Sales Order Number,Customer Code,Party Group,Site,Rounded Amount,Invoice Status
910037952,05-06-2024,Tax Invoice,,800041805,200038070,100000,B ZONE,Spices,513156,Approved
910037895,03-06-2024,Tax Invoice,,800041753,200038017,100007,B ZONE,Spices,1366836,Approved
910037980,06-06-2024,Tax Invoice,,800041845,200038106,100007,B ZONE,Spices,689002,Approved
920022024,04-06-2024,Tax Invoice,,802024559,210022535,100007,B ZONE,Pasta& Vermicelli,54744,Approved
920022055,06-06-2024,Tax Invoice,,802024617,210022592,100007,B ZONE,Pasta& Vermicelli,3380,Approved
949903605,03-06-2024,Tax Invoice,,813003760,407003722,100007,B ZONE,Tea,12115,Approved
949903621,06-06-2024,Tax Invoice,,813003774,407003736,100007,B ZONE,Tea,9831,Approved
965012727,06-06-2024,Bill of Supply,,86012934,330012941,100007,B ZONE,Spices,23878,Approved
910037989,06-06-2024,Tax Invoice,,800041854,200038115,100009,F ZONE,Spices,1332563,Approved
910037991,06-06-2024,Tax Invoice,,800041855,200038116,100009,F ZONE,Spices,1428654,Approved
910038008,07-06-2024,Tax Invoice,,800041862,200038125,100009,F ZONE,Spices,709355,Approved
920022062,07-06-2024,Tax Invoice,,802024626,210022600,100009,F ZONE,Pasta& Vermicelli,123815,Approved
949903623,07-06-2024,Tax Invoice,,813003777,407003739,100009,F ZONE,Tea,8937,Approved
910037907,03-06-2024,Tax Invoice,,800041755,200038022,100010,F ZONE,Spices,2075538,Approved
910037936,04-06-2024,Tax Invoice,,800041791,200038052,100010,F ZONE,Spices,372950,Approved
910038023,07-06-2024,Tax Invoice,,800041879,200038144,100010,F ZONE,Spices,1470289,Approved
910037900,03-06-2024,Tax Invoice,,800041744,200038006,100011,F ZONE,Spices,234593,Approved
910037937,04-06-2024,Tax Invoice,,800041784,200038041,100011,F ZONE,Spices,40167,Approved
920022001,03-06-2024,Tax Invoice,,802024553,210022530,100011,F ZONE,Pasta& Vermicelli,30056,Approved
949903606,03-06-2024,Tax Invoice,,813003757,407003719,100011,F ZONE,Tea,4464,Approved
910038018,07-06-2024,Tax Invoice,,800041874,200038139,100012,F ZONE,Spices,1170992,Approved
910037883,01-06-2024,Tax Invoice,,800041738,200037993,100024,A1 ZONE,Spices,421988,Approved
910037958,05-06-2024,Tax Invoice,,800041817,200038068,100024,A1 ZONE,Spices,151679,Approved
920022004,03-06-2024,Tax Invoice,,802024549,210022523,100024,A1 ZONE,Pasta& Vermicelli,12300,Approved
920022046,06-06-2024,Tax Invoice,,802024602,210022578,100024,A1 ZONE,Pasta& Vermicelli,28886,Approved
965012724,05-06-2024,Bill of Supply,,86012930,330012937,100024,A1 ZONE,Spices,3933,Approved
910038010,07-06-2024,Tax Invoice,,800041868,200038131,100025,A ZONE,Spices,130982,Approved
910037938,04-06-2024,Tax Invoice,,800041789,200038050,100039,B ZONE,Spices,209349,Approved
949903616,05-06-2024,Tax Invoice,,813003769,407003731,100039,B ZONE,Tea,17873,Approved
910037929,04-06-2024,Tax Invoice,,800041780,200038044,100043,C ZONE,Spices,117361,Approved
910037930,04-06-2024,Tax Invoice,,800041786,200038048,100043,C ZONE,Spices,1336,Approved
910037894,03-06-2024,Tax Invoice,,800041754,200038019,100046,C ZONE,Spices,495409,Approved
910037920,03-06-2024,Tax Invoice,,800041775,200038036,100046,C ZONE,Spices,987048,Approved
920022003,03-06-2024,Tax Invoice,,802024561,210022537,100046,C ZONE,Pasta& Vermicelli,43216,Approved
920022013,04-06-2024,Tax Invoice,,802024577,210022553,100046,C ZONE,Pasta& Vermicelli,43216,Approved
910037959,05-06-2024,Tax Invoice,,800041811,200038075,100050,C ZONE,Spices,1360386,Approved
920022047,06-06-2024,Tax Invoice,,802024600,210022577,100050,C ZONE,Pasta& Vermicelli,140068,Approved
910037905,03-06-2024,Tax Invoice,,800041761,200038021,100056,C ZONE,Spices,623526,Approved
910037944,04-06-2024,Tax Invoice,,800041796,200038060,100061,F ZONE,Spices,814588,Approved
920022029,05-06-2024,Tax Invoice,,802024588,210022567,100061,F ZONE,Pasta& Vermicelli,14330,Approved
949903615,05-06-2024,Tax Invoice,,813003770,407003732,100061,F ZONE,Tea,5278,Approved
965012719,04-06-2024,Bill of Supply,,86012926,330012934,100061,F ZONE,Spices,11939,Approved
910037925,04-06-2024,Tax Invoice,,800041777,200038040,100063,F ZONE,Spices,874951,Approved
910037973,06-06-2024,Tax Invoice,,800041834,200038100,100063,F ZONE,Spices,309567,Approved
910038011,07-06-2024,Tax Invoice,,800041866,200038129,100063,F ZONE,Spices,450742,Approved
920022017,04-06-2024,Tax Invoice,,802024578,210022556,100063,F ZONE,Pasta& Vermicelli,13989,Approved
920022049,06-06-2024,Tax Invoice,,802024607,210022582,100063,F ZONE,Pasta& Vermicelli,25786,Approved
949903610,04-06-2024,Tax Invoice,,813003765,407003727,100063,F ZONE,Tea,6647,Approved
965012712,04-06-2024,Bill of Supply,,86012918,330012925,100063,F ZONE,Spices,3937,Approved
965012734,07-06-2024,Bill of Supply,,86012940,330012948,100063,F ZONE,Spices,7874,Approved
910037906,03-06-2024,Tax Invoice,,800041763,200038025,100064,B ZONE,Spices,687597,Approved
920022007,03-06-2024,Tax Invoice,,802024570,210022547,100064,B ZONE,Pasta& Vermicelli,2622,Approved
910038009,07-06-2024,Tax Invoice,,800041864,200038127,100065,B ZONE,Spices,694829,Approved
920022066,07-06-2024,Tax Invoice,,802024634,210022609,100065,B ZONE,Pasta& Vermicelli,12880,Approved
910037954,05-06-2024,Tax Invoice,,800041804,200038071,100069,B ZONE,Spices,265538,Approved
920022037,05-06-2024,Tax Invoice,,802024593,210022571,100069,B ZONE,Pasta& Vermicelli,34763,Approved
910037908,03-06-2024,Tax Invoice,,800041767,200038000,100078,D ZONE,Spices,471316,Approved
910037978,06-06-2024,Tax Invoice,,800041838,200038086,100078,D ZONE,Spices,437451,Approved
920022023,04-06-2024,Tax Invoice,,802024571,210022548,100078,D ZONE,Pasta& Vermicelli,14367,Approved
920022054,06-06-2024,Tax Invoice,,802024610,210022586,100078,D ZONE,Pasta& Vermicelli,6440,Approved
965012707,03-06-2024,Bill of Supply,,86012915,330012922,100078,D ZONE,Spices,11799,Approved
965012726,06-06-2024,Bill of Supply,,86012932,330012939,100078,D ZONE,Spices,15732,Approved
910037916,03-06-2024,Tax Invoice,,800041773,200038034,100079,C ZONE,Spices,183492,Approved
920022011,04-06-2024,Tax Invoice,,802024574,210022550,100079,C ZONE,Pasta& Vermicelli,15778,Approved
949903609,04-06-2024,Tax Invoice,,813003764,407003726,100079,C ZONE,Tea,5273,Approved
910037992,06-06-2024,Tax Invoice,,800041856,200038117,100082,C ZONE,Spices,268741,Approved
920022063,07-06-2024,Tax Invoice,,802024625,210022599,100082,C ZONE,Pasta& Vermicelli,16489,Approved
965012730,06-06-2024,Bill of Supply,,86012937,330012944,100082,C ZONE,Spices,4771,Approved
910037966,05-06-2024,Tax Invoice,,800041823,200038084,100083,C ZONE,Spices,561836,Approved
910037981,06-06-2024,Tax Invoice,,800041833,200038097,100083,C ZONE,Spices,34259,Approved
910037945,04-06-2024,Tax Invoice,,800041797,200038061,100090,D ZONE,Spices,610997,Approved
920022036,05-06-2024,Tax Invoice,,802024589,210022569,100090,D ZONE,Pasta& Vermicelli,115690,Approved
910037939,04-06-2024,Tax Invoice,,800041794,200038056,100094,D ZONE,Spices,1962843,Approved
920022030,05-06-2024,Tax Invoice,,802024587,210022565,100094,D ZONE,Pasta& Vermicelli,43612,Approved
920022033,05-06-2024,Tax Invoice,,802024592,210022565,100094,D ZONE,Pasta& Vermicelli,63089,Approved
965012718,04-06-2024,Bill of Supply,,86012924,330012932,100094,D ZONE,Spices,55716,Approved
910038019,07-06-2024,Tax Invoice,,800041859,200038120,100096,MT Zone,Spices,184673,Approved
910038020,07-06-2024,Tax Invoice,,800041860,200038123,100096,MT Zone,Spices,65261,Approved
910037996,06-06-2024,Tax Invoice,,800041858,200038119,100104,A ZONE,Spices,31829,Approved
965012733,06-06-2024,Bill of Supply,,86012939,330012946,100104,A ZONE,Spices,3976,Approved
910037982,06-06-2024,Tax Invoice,,800041847,200038109,100105,A ZONE,Spices,93109,Approved
910037909,03-06-2024,Tax Invoice,,800041740,200038002,100109,E ZONE,Spices,332697,Approved
920022027,04-06-2024,Tax Invoice,,802024551,210022528,100109,E ZONE,Pasta& Vermicelli,39060,Approved
965012708,03-06-2024,Bill of Supply,,86012909,330012916,100109,E ZONE,Spices,7952,Approved
910037910,03-06-2024,Tax Invoice,,800041756,200038023,100126,E ZONE,Spices,868406,Approved
920022000,03-06-2024,Tax Invoice,,802024552,210022529,100126,E ZONE,Pasta& Vermicelli,528359,Approved
920022008,03-06-2024,Tax Invoice,,802024566,210022533,100126,E ZONE,Pasta& Vermicelli,9440,Approved
920022018,04-06-2024,Tax Invoice,,802024567,210022543,100126,E ZONE,Pasta& Vermicelli,24204,Approved
910038012,07-06-2024,Tax Invoice,,800041871,200038136,100128,A ZONE,Spices,156004,Approved
965012735,07-06-2024,Bill of Supply,,86012941,330012951,100128,A ZONE,Spices,3976,Approved
910037935,04-06-2024,Tax Invoice,,800041788,200038049,100130,E ZONE,Spices,1085526,Approved
920022026,04-06-2024,Tax Invoice,,802024585,210022563,100130,E ZONE,Pasta& Vermicelli,7617,Approved
949903613,04-06-2024,Tax Invoice,,813003768,407003730,100130,E ZONE,Tea,4464,Approved
965012717,04-06-2024,Bill of Supply,,86012923,330012930,100130,E ZONE,Spices,9542,Approved
910038021,07-06-2024,Tax Invoice,,800041876,200038141,100134,E ZONE,Spices,368390,Approved
910037886,03-06-2024,Tax Invoice,,800041735,200037992,100158,MT Zone,Spices,121981,Approved
920022015,04-06-2024,Tax Invoice,,802024580,210022559,100186,Others,Pasta& Vermicelli,7397,Approved
920022048,06-06-2024,Tax Invoice,,802024606,210022581,100186,Others,Pasta& Vermicelli,9522,Approved
940001183,05-06-2024,Return Invoice,,500001173,500001173,100186,Others,Spices,-69930,Return Invoice
949903603,03-06-2024,Tax Invoice,,813003756,407003718,100186,Others,Tea,441,Approved
949903617,05-06-2024,Tax Invoice,,813003772,407003734,100186,Others,Tea,519,Approved
910037933,04-06-2024,Tax Invoice,,800041765,200038027,100191,Others,Spices,301,Approved
910037975,06-06-2024,Tax Invoice,,800041842,200038105,100191,Others,Spices,22353,Approved
920022052,06-06-2024,Tax Invoice,,802024614,210022589,100191,Others,Pasta& Vermicelli,15525,Approved
910037949,05-06-2024,Tax Invoice,,800041808,200038062,100243,"ZONE- 10, MC",Spices,142715,Approved
920022032,05-06-2024,Tax Invoice,,802024598,210022570,100243,"ZONE- 10, MC",Pasta& Vermicelli,376430,Approved
965012721,05-06-2024,Bill of Supply,,86012927,330012935,100243,"ZONE- 10, MC",Spices,40541,Approved
910037917,03-06-2024,Tax Invoice,,800041774,200038035,100282,D ZONE,Spices,414012,Approved
910037967,05-06-2024,Tax Invoice,,800041819,200038080,100282,D ZONE,Spices,499670,Approved
920022028,05-06-2024,Tax Invoice,,802024575,210022551,100282,D ZONE,Pasta& Vermicelli,93294,Approved
910037988,06-06-2024,Tax Invoice,,800041850,200038111,100283,F ZONE,Spices,100654,Approved
920022060,07-06-2024,Tax Invoice,,802024620,210022594,100283,F ZONE,Pasta& Vermicelli,27905,Approved
910037904,03-06-2024,Tax Invoice,,800041766,200038028,100285,B ZONE,Spices,140021,Approved
910037977,06-06-2024,Tax Invoice,,800041832,200038096,100285,B ZONE,Spices,158270,Approved
910037884,01-06-2024,Tax Invoice,,800041737,200037995,100306,C ZONE,Spices,987375,Approved
910037974,06-06-2024,Tax Invoice,,800041836,200038099,100306,C ZONE,Spices,873788,Approved
920021997,03-06-2024,Tax Invoice,,802024550,210022524,100306,C ZONE,Pasta& Vermicelli,27274,Approved
920022050,06-06-2024,Tax Invoice,,802024608,210022584,100306,C ZONE,Pasta& Vermicelli,27274,Approved
965012701,01-06-2024,Bill of Supply,,86012908,330012915,100306,C ZONE,Spices,7874,Approved
910038024,07-06-2024,Tax Invoice,,800041878,200038143,100330,D ZONE,Spices,317955,Approved
910037993,06-06-2024,Tax Invoice,,800041853,200038114,100364,A ZONE,Spices,120403,Approved
910038013,07-06-2024,Tax Invoice,,800041867,200038130,100389,C ZONE,Spices,209000,Approved
910037899,03-06-2024,Tax Invoice,,800041741,200038003,100403,MT Zone,Spices,20318,Approved
965012705,03-06-2024,Bill of Supply,,86012914,330012921,100403,MT Zone,Spices,44760,Approved
910037891,03-06-2024,Tax Invoice,,800041745,200038007,100420,C ZONE,Spices,179215,Approved
910038014,07-06-2024,Tax Invoice,,800041870,200038133,100420,C ZONE,Spices,102151,Approved
949903604,03-06-2024,Tax Invoice,,813003761,407003723,100420,C ZONE,Tea,10546,Approved
910037990,06-06-2024,Tax Invoice,,800041848,200038107,100428,B ZONE,Spices,178515,Approved
920022057,06-06-2024,Tax Invoice,,802024627,210022593,100428,B ZONE,Pasta& Vermicelli,36629,Approved
965012729,06-06-2024,Bill of Supply,,86012935,330012942,100428,B ZONE,Spices,19665,Approved
910037983,06-06-2024,Tax Invoice,,800041835,200038090,100460,A ZONE,Spices,30712,Approved
910037955,05-06-2024,Tax Invoice,,800041809,200038073,100490,E ZONE,Spices,1280110,Approved
920022042,05-06-2024,Tax Invoice,,802024596,210022575,100490,E ZONE,Pasta& Vermicelli,46244,Approved
949903618,05-06-2024,Tax Invoice,,813003771,407003733,100490,E ZONE,Tea,33882,Approved
965012723,05-06-2024,Bill of Supply,,86012929,330012936,100490,E ZONE,Spices,15903,Approved
910037956,05-06-2024,Tax Invoice,500001174,800041813,200038076,100553,B ZONE,Spices,917607,Approved
940001184,07-06-2024,Return Invoice,,500001174,500001174,100553,B ZONE,Spices,-59991,Return Invoice
910037888,03-06-2024,Tax Invoice,,800041742,200038004,100563,B ZONE,Spices,184672,Approved
920021998,03-06-2024,Tax Invoice,,802024554,210022527,100563,B ZONE,Pasta& Vermicelli,75360,Approved
965012703,03-06-2024,Bill of Supply,,86012910,330012917,100563,B ZONE,Spices,3976,Approved
910037889,03-06-2024,Tax Invoice,,800041746,200038012,100588,B ZONE,Spices,258164,Approved
910037890,03-06-2024,Tax Invoice,,800041750,200038016,100588,B ZONE,Spices,25135,Approved
910038015,07-06-2024,Tax Invoice,,800041869,200038132,100588,B ZONE,Spices,219260,Approved
920021999,03-06-2024,Tax Invoice,,802024556,210022532,100588,B ZONE,Pasta& Vermicelli,27305,Approved
910037911,03-06-2024,Tax Invoice,,800041770,200038031,100589,B ZONE,Spices,1034613,Approved
920022016,04-06-2024,Tax Invoice,,802024572,210022549,100589,B ZONE,Pasta& Vermicelli,91012,Approved
965012709,03-06-2024,Bill of Supply,,86012916,330012923,100589,B ZONE,Spices,15748,Approved
910037999,07-06-2024,Tax Invoice,,800041840,200038104,100591,Others,Spices,337296,Approved
920022059,07-06-2024,Tax Invoice,,802024613,210022588,100591,Others,Pasta& Vermicelli,130633,Approved
910037940,04-06-2024,Tax Invoice,,800041778,200038042,100594,B ZONE,Spices,624401,Approved
920022031,05-06-2024,Tax Invoice,,802024581,210022560,100594,B ZONE,Pasta& Vermicelli,6725,Approved
910037968,05-06-2024,Tax Invoice,,800041822,200038083,100597,D ZONE,Spices,284092,Approved
910037941,04-06-2024,Tax Invoice,,800041792,200038054,100602,B ZONE,Spices,320694,Approved
910037912,03-06-2024,Tax Invoice,,800041747,200038013,100611,F ZONE,Spices,178198,Approved
920022009,04-06-2024,Tax Invoice,,802024555,210022531,100611,F ZONE,Pasta& Vermicelli,14367,Approved
949903607,04-06-2024,Tax Invoice,,813003758,407003720,100611,F ZONE,Tea,11294,Approved
910038007,07-06-2024,Tax Invoice,,800041861,200038124,100623,A1 ZONE,Spices,51463,Approved
920022065,07-06-2024,Tax Invoice,,802024630,210022604,100623,A1 ZONE,Pasta& Vermicelli,47560,Approved
910037901,03-06-2024,Tax Invoice,,800041759,200038001,100635,A1 ZONE,Spices,373633,Approved
920022002,03-06-2024,Tax Invoice,,802024564,210022540,100635,A1 ZONE,Pasta& Vermicelli,41222,Approved
965012706,03-06-2024,Bill of Supply,,86012912,330012919,100635,A1 ZONE,Spices,7866,Approved
910037964,05-06-2024,Tax Invoice,,800041818,200038067,100636,D ZONE,Spices,174740,Approved
910037913,03-06-2024,Tax Invoice,,800041748,200038011,100650,F ZONE,Spices,442575,Approved
920022010,04-06-2024,Tax Invoice,,802024560,210022536,100650,F ZONE,Pasta& Vermicelli,25464,Approved
949903608,04-06-2024,Tax Invoice,,813003759,407003721,100650,F ZONE,Tea,4468,Approved
910037971,06-06-2024,Tax Invoice,,800041830,200038094,100654,D ZONE,Spices,410433,Approved
910037972,06-06-2024,Tax Invoice,,800041831,200038095,100654,D ZONE,Spices,171418,Approved
910037898,03-06-2024,Tax Invoice,,800041757,200038014,100655,C ZONE,Spices,421503,Approved
920022005,03-06-2024,Tax Invoice,,802024558,210022534,100655,C ZONE,Pasta& Vermicelli,27129,Approved
965012704,03-06-2024,Bill of Supply,,86012911,330012918,100655,C ZONE,Spices,4720,Approved
910037942,04-06-2024,Tax Invoice,,800041793,200037998,100657,A ZONE,Spices,281559,Approved
920022039,05-06-2024,Tax Invoice,,802024586,210022564,100657,A ZONE,Pasta& Vermicelli,68779,Approved
910037914,03-06-2024,Tax Invoice,,800041760,200038010,100660,A ZONE,Spices,66416,Approved
910037960,05-06-2024,Tax Invoice,,800041816,200038079,100660,A ZONE,Spices,157920,Approved
920022040,05-06-2024,Tax Invoice,,802024565,210022541,100660,A ZONE,Pasta& Vermicelli,43487,Approved
965012710,03-06-2024,Bill of Supply,,86012913,330012920,100660,A ZONE,Spices,3976,Approved
910037946,04-06-2024,Tax Invoice,,800041795,200038059,100681,D ZONE,Spices,395408,Approved
965012720,04-06-2024,Bill of Supply,,86012925,330012933,100681,D ZONE,Spices,7952,Approved
910037902,03-06-2024,Tax Invoice,,800041758,200037997,100683,A ZONE,Spices,289419,Approved
920022041,05-06-2024,Tax Invoice,,802024563,210022539,100683,A ZONE,Pasta& Vermicelli,27950,Approved
910037951,05-06-2024,Tax Invoice,,800041806,200038063,100696,A ZONE,Spices,260000,Approved
920022034,05-06-2024,Tax Invoice,,802024594,210022572,100696,A ZONE,Pasta& Vermicelli,13020,Approved
910037915,03-06-2024,Tax Invoice,,800041769,200038029,100742,D ZONE,Spices,285173,Approved
920022019,04-06-2024,Tax Invoice,,802024569,210022546,100742,D ZONE,Pasta& Vermicelli,15294,Approved
949903612,04-06-2024,Tax Invoice,,813003762,407003724,100742,D ZONE,Tea,6830,Approved
910037961,05-06-2024,Tax Invoice,,800041807,200038072,100756,A ZONE,Spices,307172,Approved
920022045,06-06-2024,Tax Invoice,,802024595,210022574,100756,A ZONE,Pasta& Vermicelli,93430,Approved
910037928,04-06-2024,Tax Invoice,,800041779,200038043,100760,B ZONE,Spices,429717,Approved
965012715,04-06-2024,Bill of Supply,,86012919,330012926,100760,B ZONE,Spices,7952,Approved
910037962,05-06-2024,Tax Invoice,,800041815,200038077,100764,B ZONE,Spices,541476,Approved
910037903,03-06-2024,Tax Invoice,,800041751,200038018,100765,B ZONE,Spices,273504,Approved
920022006,03-06-2024,Tax Invoice,,802024573,210022538,100765,B ZONE,Pasta& Vermicelli,14127,Approved
910037986,06-06-2024,Tax Invoice,,800041843,200038098,100775,E ZONE,Spices,964325,Approved
910037987,06-06-2024,Tax Invoice,,800041844,200038053,100775,E ZONE,Spices,103609,Approved
920022056,06-06-2024,Tax Invoice,,802024616,210022591,100775,E ZONE,Pasta& Vermicelli,261409,Approved
949903620,06-06-2024,Tax Invoice,,813003775,407003737,100775,E ZONE,Tea,8937,Approved
965012728,06-06-2024,Bill of Supply,,86012933,330012940,100775,E ZONE,Spices,31806,Approved
949802906,07-06-2024,Tax Invoice,,855002904,370002904,100785,"ZONE- 10, MC",Pasta& Vermicelli,21168,Approved
910037957,05-06-2024,Tax Invoice,,800041810,200038069,100840,E ZONE,Spices,221818,Approved
920022043,05-06-2024,Tax Invoice,,802024599,210022576,100840,E ZONE,Pasta& Vermicelli,137959,Approved
910037965,05-06-2024,Tax Invoice,,800041820,200038081,100851,D ZONE,Spices,75382,Approved
910037918,03-06-2024,Tax Invoice,,800041771,200038032,100871,D ZONE,Spices,584134,Approved
910037919,03-06-2024,Tax Invoice,,800041772,200038033,100871,D ZONE,Spices,412754,Approved
910037969,05-06-2024,Tax Invoice,,800041821,200038082,100871,D ZONE,Spices,312223,Approved
920022025,04-06-2024,Tax Invoice,,802024576,210022552,100871,D ZONE,Pasta& Vermicelli,25740,Approved
920022044,06-06-2024,Tax Invoice,,802024603,210022579,100871,D ZONE,Pasta& Vermicelli,1513,Approved
949903614,04-06-2024,Tax Invoice,,813003763,407003725,100871,D ZONE,Tea,26392,Approved
949903619,06-06-2024,Tax Invoice,,813003773,407003735,100871,D ZONE,Tea,4468,Approved
965012711,03-06-2024,Bill of Supply,,86012917,330012924,100871,D ZONE,Spices,7959,Approved
965012725,05-06-2024,Bill of Supply,,86012931,330012938,100871,D ZONE,Spices,7959,Approved
910037934,04-06-2024,Tax Invoice,,800041785,200038047,100947,Others,Spices,6573,Approved
920022051,06-06-2024,Tax Invoice,,802024615,210022590,100947,Others,Pasta& Vermicelli,9496,Approved
910037927,04-06-2024,Tax Invoice,,800041783,200038008,100948,B ZONE,Spices,963204,Approved
910037979,06-06-2024,Tax Invoice,,800041837,200038087,100948,B ZONE,Spices,667344,Approved
920022020,04-06-2024,Tax Invoice,,802024582,210022561,100948,B ZONE,Pasta& Vermicelli,27274,Approved
920022053,06-06-2024,Tax Invoice,,802024612,210022587,100948,B ZONE,Pasta& Vermicelli,27274,Approved
965012714,04-06-2024,Bill of Supply,,86012921,330012928,100948,B ZONE,Spices,7874,Approved
910037985,06-06-2024,Tax Invoice,,800041846,200038108,100951,B ZONE,Spices,120230,Approved
920022058,06-06-2024,Tax Invoice,,802024622,210022596,100951,B ZONE,Pasta& Vermicelli,62896,Approved
949903622,06-06-2024,Tax Invoice,,813003776,407003738,100951,B ZONE,Tea,8936,Approved
910037931,04-06-2024,Tax Invoice,,800041787,200038046,100975,B ZONE,Spices,514375,Approved
920022021,04-06-2024,Tax Invoice,,802024584,210022562,100975,B ZONE,Pasta& Vermicelli,13020,Approved
965012716,04-06-2024,Bill of Supply,,86012922,330012929,100975,B ZONE,Spices,3976,Approved
910037896,03-06-2024,Tax Invoice,,800041762,200038024,100981,MT Zone,Spices,117,Approved
910037897,03-06-2024,Tax Invoice,,800041749,200038015,100981,MT Zone,Spices,3744,Approved
910038001,07-06-2024,Tax Invoice,,800041826,200038089,100982,MT Zone,Spices,156879,Approved
910038002,07-06-2024,Tax Invoice,,800041827,200038091,100982,MT Zone,Spices,67840,Approved
910038003,07-06-2024,Tax Invoice,,800041828,200038092,100982,MT Zone,Spices,106000,Approved
910038004,07-06-2024,Tax Invoice,,800041829,200038093,100982,MT Zone,Spices,106000,Approved
910037926,04-06-2024,Tax Invoice,,800041781,200038045,101012,E ZONE,Spices,184903,Approved
920022014,04-06-2024,Tax Invoice,,802024579,210022558,101012,E ZONE,Pasta& Vermicelli,30225,Approved
949903611,04-06-2024,Tax Invoice,,813003766,407003728,101012,E ZONE,Tea,5357,Approved
965012713,04-06-2024,Bill of Supply,,86012920,330012927,101012,E ZONE,Spices,11927,Approved
910037953,05-06-2024,Tax Invoice,,800041803,200038058,101027,"ZONE- 10, MC",Spices,126689,Approved
920022038,05-06-2024,Tax Invoice,,802024597,210022568,101027,"ZONE- 10, MC",Pasta& Vermicelli,29056,Approved
965012722,05-06-2024,Bill of Supply,,86012928,330012931,101027,"ZONE- 10, MC",Spices,5850,Approved
910037994,06-06-2024,Tax Invoice,,800041857,200038118,101041,F ZONE,Spices,662472,Approved
965012731,06-06-2024,Bill of Supply,,86012938,330012945,101041,F ZONE,Spices,7952,Approved
910037887,03-06-2024,Tax Invoice,,800041739,200037999,101042,MT Zone,Spices,22028,Approved
910038000,07-06-2024,Tax Invoice,,800041839,200038102,101046,MT Zone,Spices,20435,Approved
910037995,06-06-2024,Tax Invoice,,800041852,200038113,101055,A1 ZONE,Spices,27252,Approved
920022064,07-06-2024,Tax Invoice,,802024623,210022597,101055,A1 ZONE,Pasta& Vermicelli,6440,Approved
965012732,06-06-2024,Bill of Supply,,86012936,330012943,101055,A1 ZONE,Spices,7866,Approved
910037963,05-06-2024,Tax Invoice,,800041802,200038066,101060,F ZONE,Spices,60113,Approved
910037976,06-06-2024,Tax Invoice,,800041841,200038103,101066,B ZONE,Spices,619722,Approved
910038016,07-06-2024,Tax Invoice,,800041873,200038138,101066,B ZONE,Spices,9084,Approved
910037885,01-06-2024,Tax Invoice,,800041736,200037996,101071,D ZONE,Spices,396982,Approved
965012702,01-06-2024,Bill of Supply,,86012907,330012914,101071,D ZONE,Spices,3976,Approved
910038022,07-06-2024,Tax Invoice,,800041877,200038142,101089,E ZONE,Spices,142161,Approved
965012737,07-06-2024,Bill of Supply,,86012943,330012953,101089,E ZONE,Spices,6361,Approved
910037921,04-06-2024,Tax Invoice,,800041776,200038037,101093,MT Zone,Spices,130414,Approved
910037948,05-06-2024,Tax Invoice,,800041801,200038065,101093,MT Zone,Spices,5062,Approved
910037997,07-06-2024,Tax Invoice,,800041849,200038110,101121,MT Zone,Spices,64377,Approved
910037998,07-06-2024,Tax Invoice,,800041851,200038112,101121,MT Zone,Spices,127949,Approved
910037922,04-06-2024,Tax Invoice,,800041743,200038005,101150,MT Zone,Spices,6123,Approved
910037923,04-06-2024,Tax Invoice,,800041764,200038026,101150,MT Zone,Spices,33829,Approved
910037924,04-06-2024,Tax Invoice,,800041768,200038030,101150,MT Zone,Spices,40595,Approved
910037947,05-06-2024,Tax Invoice,,800041800,200038064,101150,MT Zone,Spices,45749,Approved
910038005,07-06-2024,Tax Invoice,,800041863,200038126,101150,MT Zone,Spices,90926,Approved
910038006,07-06-2024,Tax Invoice,,800041865,200038128,101150,MT Zone,Spices,5455,Approved
920022012,04-06-2024,Tax Invoice,,802024568,210022544,101150,MT Zone,Pasta& Vermicelli,691,Approved
920022061,07-06-2024,Tax Invoice,,802024631,210022605,101150,MT Zone,Pasta& Vermicelli,3686,Approved
910037932,04-06-2024,Tax Invoice,,800041782,200038038,101154,"ZONE- 10, MC",Spices,52899,Approved
920022022,04-06-2024,Tax Invoice,,802024583,210022557,101154,"ZONE- 10, MC",Pasta& Vermicelli,173896,Approved
910037950,05-06-2024,Tax Invoice,,800041798,200038057,101155,"ZONE- 10, MC",Spices,135293,Approved
920022035,05-06-2024,Tax Invoice,,802024591,210022566,101155,"ZONE- 10, MC",Pasta& Vermicelli,137099,Approved
910037943,04-06-2024,Tax Invoice,,800041790,200038051,101158,B ZONE,Spices,208619,Approved
910038025,07-06-2024,Tax Invoice,,800041875,200038140,101158,B ZONE,Spices,811739,Approved
910037970,05-06-2024,Tax Invoice,,800041824,200038085,101166,D ZONE,Spices,447380,Approved
910038017,07-06-2024,Tax Invoice,,800041872,200038137,101176,C ZONE,Spices,763727,Approved
920022067,07-06-2024,Tax Invoice,,802024637,210022614,101176,C ZONE,Pasta& Vermicelli,27308,Approved
965012736,07-06-2024,Bill of Supply,,86012942,330012952,101176,C ZONE,Spices,7866,Approved
